<?xml version="1.0" encoding="utf-8"?>
<odoo>
    <data noupdate="1">
        <record id="access_library_book_user" model="ir.model.access">
            <field name="name">library.book user access</field>
            <field name="model_id" ref="model_library_book"/>
            <field name="group_id" ref="base.group_user"/>
            <field name="perm_read">1</field>
            <field name="perm_write">1</field>
            <field name="perm_create">1</field>
            <field name="perm_unlink">1</field>
        </record>
    </data>
</odoo>