<?xml version="1.0" encoding="utf-8"?>
<odoo>
    <data noupdate="1">
        <record id="stage_draft" model="library.book.stage">
            <field name="name">Draft</field>
            <field name="code">draft</field>
            <field name="sequence">10</field>
            <field name="fold">False</field>
            <field name="is_default">True</field>
            <field name="color">1</field>
        </record>
        <record id="stage_available" model="library.book.stage">
            <field name="name">Available</field>
            <field name="code">available</field>
            <field name="sequence">20</field>
            <field name="fold">False</field>
            <field name="color">2</field>
        </record>
        <record id="stage_borrowed" model="library.book.stage">
            <field name="name">Borrowed</field>
            <field name="code">borrowed</field>
            <field name="sequence">30</field>
            <field name="fold">False</field>
            <field name="color">3</field>
        </record>
        <record id="stage_lost" model="library.book.stage">
            <field name="name">Lost</field>
            <field name="code">lost</field>
            <field name="sequence">40</field>
            <field name="fold">True</field>
            <field name="color">4</field>
        </record>
    </data>
</odoo>